{
	"format_version": "1.8.0",
	"animations": {
		"boost_on": {
			"loop": "hold_on_last_frame",
			"animation_length": 0.5,
			"bones": {
				"Right_wing": {
					"rotation": {
						"0.0": [0, 0, 0],
						"0.5": [0, 0, -20]
					}
				},
				"alaR": {
					"rotation": {
						"0.0": [0, 0, 0],
						"0.5": [0, 0, -17.5]
					}
				},
				"Left_wing": {
					"rotation": {
						"0.0": [0, 0, 0],
						"0.5": [0, 0, 20]
					}
				},
				"alaL": {
					"rotation": {
						"0.0": [0, 0, 0],
						"0.5": [0, 0, 17.5]
					}
				},
				"punta_alaR": {
					"rotation": {
						"0.0": [0, 0, 0],
						"0.5": [-2.5, 7.5, 0]
					}
				},
				"punta_alaL": {
					"rotation": {
						"0.0": [0, 0, 0],
						"0.5": [-2.5, -7.5, 0]
					}
				}
			}
		},
		"boost_off": {
			"loop": "hold_on_last_frame",
			"animation_length": 0.5,
			"bones": {
				"Right_wing": {
					"rotation": {
						"0.0": [0, 0, -20],
						"0.5": [0, 0, 0]
					}
				},
				"alaR": {
					"rotation": {
						"0.0": [0, 0, -17.5],
						"0.5": [0, 0, 0]
					}
				},
				"Left_wing": {
					"rotation": {
						"0.0": [0, 0, 20],
						"0.5": [0, 0, 0]
					}
				},
				"alaL": {
					"rotation": {
						"0.0": [0, 0, 17.5],
						"0.5": [0, 0, 0]
					}
				},
				"punta_alaR": {
					"rotation": {
						"0.0": [-2.5, 7.5, 0],
						"0.5": [0, 0, 0]
					}
				},
				"punta_alaL": {
					"rotation": {
						"0.0": [-2.5, -7.5, 0],
						"0.5": [0, 0, 0]
					}
				}
			}
		},
		"shield": {
			"loop": "hold_on_last_frame",
			"animation_length": 0.9167,
			"bones": {
				"Right_wing": {
					"rotation": {
						"0.0": [0, 0, 0],
						"0.1667": [0, 12.5, 0],
						"0.25": [3.09472, 22.29711, 8.11003],
						"0.75": [2.80612, 1.93405, 26.33654]
					}
				},
				"alaR": {
					"rotation": {
						"0.0": [0, 0, 0],
						"0.5": [63.25979, -81.33105, -63.69751]
					},
					"position": {
						"0.0": [0, 0, 0],
						"0.5": [-1, 0, 0.4]
					}
				},
				"Left_wing": {
					"rotation": {
						"0.0": [0, 0, 0],
						"0.1667": [0, -12.5, 0],
						"0.25": [0, -20, 0],
						"0.75": [-1.68551, 19.84059, -26.71207]
					}
				},
				"alaL": {
					"rotation": {
						"0.0": [0, 0, 0],
						"0.5": [23.34902, 68.72042, 25.09446],
						"0.75": [32.75856, 65.97589, 37.68638]
					},
					"position": {
						"0.0": [0, 0, 0],
						"0.75": [1.3, 0, 0],
						"0.9167": [1.2, 0, 0.3]
					}
				},
				"punta_alaR": {
					"rotation": {
						"0.0": [0, 0, 0],
						"0.5": [13.46404, -56.99135, -4.24135],
						"0.625": [99.8979, -82.45245, -88.18117],
						"0.75": [142.12738, -81.54595, -128.36733],
						"0.9167": [128.71164, -79.40418, -118.23204]
					},
					"position": {
						"0.0": [0, 0, 0],
						"0.9167": [-0.5, 0, -0.7]
					}
				},
				"punta_alaL": {
					"rotation": {
						"0.0": [0, 0, 0],
						"0.5": [16.34179, 51.91933, 11.57495],
						"0.5417": [20.26888, 54.20697, 9.44694],
						"0.5833": [26.7, 64.65661, 15.85111],
						"0.6667": [72.23026, 80.66501, 60.25089],
						"0.75": [133.69593, 77.19993, 121.22588]
					},
					"position": {
						"0.0": [0, 0, 0],
						"0.75": [0.3, 0, -0.9]
					}
				}
			}
		},
		"shield_on": {
			"loop": "hold_on_last_frame",
			"animation_length": 0.9167,
			"bones": {
				"Right_wing": {
					"rotation": {
						"0.0": [0, 0, 0],
						"0.1667": [0, 12.5, 0],
						"0.25": [3.09472, 22.29711, 8.11003],
						"0.75": [2.80612, 1.93405, 26.33654]
					}
				},
				"alaR": {
					"rotation": {
						"0.0": [0, 0, 0],
						"0.5": [63.25979, -81.33105, -63.69751]
					},
					"position": {
						"0.0": [0, 0, 0],
						"0.5": [-1, 0, 0.4]
					}
				},
				"Left_wing": {
					"rotation": {
						"0.0": [0, 0, 0],
						"0.1667": [0, -12.5, 0],
						"0.25": [0, -20, 0],
						"0.75": [-1.68551, 19.84059, -26.71207]
					}
				},
				"alaL": {
					"rotation": {
						"0.0": [0, 0, 0],
						"0.5": [23.34902, 68.72042, 25.09446],
						"0.75": [32.75856, 65.97589, 37.68638]
					},
					"position": {
						"0.0": [0, 0, 0],
						"0.75": [1.3, 0, 0],
						"0.9167": [1.2, 0, 0.3]
					}
				},
				"punta_alaR": {
					"rotation": {
						"0.0": [0, 0, 0],
						"0.5": [13.46404, -56.99135, -4.24135],
						"0.625": [99.8979, -82.45245, -88.18117],
						"0.75": [142.12738, -81.54595, -128.36733],
						"0.9167": [128.71164, -79.40418, -118.23204]
					},
					"position": {
						"0.0": [0, 0, 0],
						"0.9167": [-0.5, 0, -0.7]
					}
				},
				"punta_alaL": {
					"rotation": {
						"0.0": [0, 0, 0],
						"0.5": [16.34179, 51.91933, 11.57495],
						"0.5417": [20.26888, 54.20697, 9.44694],
						"0.5833": [26.7, 64.65661, 15.85111],
						"0.6667": [72.23026, 80.66501, 60.25089],
						"0.75": [133.69593, 77.19993, 121.22588]
					},
					"position": {
						"0.0": [0, 0, 0],
						"0.75": [0.3, 0, -0.9]
					}
				}
			}
		},
		"shield_off": {
			"loop": "hold_on_last_frame",
			"animation_length": 0.9167,
			"bones": {
				"Right_wing": {
					"rotation": {
						"0.1667": [2.80612, 1.93405, 26.33654],
						"0.6667": [3.09472, 22.29711, 8.11003],
						"0.75": [0, 12.5, 0],
						"0.9167": [0, 0, 0]
					}
				},
				"alaR": {
					"rotation": {
						"0.4167": [63.25979, -81.33105, -63.69751],
						"0.9167": [0, 0, 0]
					},
					"position": {
						"0.4167": [-1, 0, 0.4],
						"0.9167": [0, 0, 0]
					}
				},
				"Left_wing": {
					"rotation": {
						"0.1667": [-1.68551, 19.84059, -26.71207],
						"0.6667": [0, -20, 0],
						"0.75": [0, -12.5, 0],
						"0.9167": [0, 0, 0]
					}
				},
				"alaL": {
					"rotation": {
						"0.1667": [32.75856, 65.97589, 37.68638],
						"0.4167": [23.34902, 68.72042, 25.09446],
						"0.9167": [0, 0, 0]
					},
					"position": {
						"0.0": [1.2, 0, 0.3],
						"0.1667": [1.3, 0, 0],
						"0.9167": [0, 0, 0]
					}
				},
				"punta_alaR": {
					"rotation": {
						"0.0": [128.71164, -79.40418, -118.23204],
						"0.1667": [142.12738, -81.54595, -128.36733],
						"0.2917": [99.8979, -82.45245, -88.18117],
						"0.4167": [13.46404, -56.99135, -4.24135],
						"0.9167": [0, 0, 0]
					},
					"position": {
						"0.0": [-0.5, 0, -0.7],
						"0.9167": [0, 0, 0]
					}
				},
				"punta_alaL": {
					"rotation": {
						"0.1667": [133.69593, 77.19993, 121.22588],
						"0.25": [72.23026, 80.66501, 60.25089],
						"0.3333": [26.7, 64.65661, 15.85111],
						"0.375": [20.26888, 54.20697, 9.44694],
						"0.4167": [16.34179, 51.91933, 11.57495],
						"0.9167": [0, 0, 0]
					},
					"position": {
						"0.1667": [0.3, 0, -0.9],
						"0.9167": [0, 0, 0]
					}
				}
			}
		},
		"attack": {
			"animation_length": 1,
			"bones": {
				"Right_wing": {
					"rotation": {
						"0.0": [0, 0, 0],
						"0.2083": [0, 67.5, 0],
						"0.4167": [0, -47.5, 0],
						"0.5833": [0, 47.5, 0],
						"0.6667": [0, 67.5, 0],
						"0.7917": [0, 32.5, 0],
						"1.0": [0, 0, 0]
					}
				},
				"alaR": {
					"rotation": {
						"0.0": [0, 0, 0],
						"0.2083": [15.75215, -53.26404, -20.01027],
						"1.0": [0, 0, 0]
					},
					"position": {
						"0.0": [0, 0, 0],
						"0.2083": [-1, 0, 0],
						"1.0": [0, 0, 0]
					}
				},
				"Left_wing": {
					"rotation": {
						"0.0": [0, 0, 0],
						"0.2083": [0, -80, 0],
						"0.4167": [0, -40, 0],
						"0.5833": [0, 35, 0],
						"0.6667": [0, 45, 0],
						"0.7917": [0, 10, 0],
						"1.0": [0, 0, 0]
					}
				},
				"alaL": {
					"rotation": {
						"0.0": [0, 0, 0],
						"0.2083": [11.69208, 51.47354, 15.33981],
						"0.6667": [16.21268, 55.84875, 15.34411],
						"1.0": [0, 0, 0]
					},
					"position": {
						"0.0": [0, 0, 0],
						"0.2083": [1, 0, 0.2],
						"1.0": [0, 0, 0]
					}
				},
				"punta_alaR": {
					"rotation": {
						"0.0": [0, 0, 0],
						"0.2083": [19.10446, -67.07143, -8.38863],
						"1.0": [0, 0, 0]
					}
				},
				"punta_alaL": {
					"rotation": {
						"0.0": [0, 0, 0],
						"0.2083": [11.59272, 57.44879, 2.49681],
						"0.6667": [5.0761, 29.17013, 1.52679],
						"1.0": [0, 0, 0]
					}
				}
			}
		}
	}
}