{
	"format_version": "1.8.0",
	"animations": {
		"turbo_mode_on": {
			"loop": "hold_on_last_frame",
			"animation_length": 0.375,
			"bones": {
				"Right_wing": {
					"rotation": {
						"0.0": [0, 0, 0],
						"0.375": [0, 5, -20]
					}
				},
				"bone4": {
					"rotation": {
						"0.0": [0, 0, 0],
						"0.375": [0, 0, -25]
					}
				},
				"Left_wing": {
					"rotation": {
						"0.0": [0, 0, 0],
						"0.375": [0, -5, 20]
					}
				},
				"bone5": {
					"rotation": {
						"0.0": [0, 0, 0],
						"0.375": [0, 0, 25]
					}
				}
			}
		},
		"turbo_mode_off": {
			"loop": "hold_on_last_frame",
			"animation_length": 0.375,
			"bones": {
				"Right_wing": {
					"rotation": {
						"0.0": [0, 5, -20],
						"0.375": [0, 0, 0]
					}
				},
				"bone4": {
					"rotation": {
						"0.0": [0, 0, -25],
						"0.375": [0, 0, 0]
					}
				},
				"Left_wing": {
					"rotation": {
						"0.0": [0, -5, 20],
						"0.375": [0, 0, 0]
					}
				},
				"bone5": {
					"rotation": {
						"0.0": [0, 0, 25],
						"0.375": [0, 0, 0]
					}
				}
			}
		},
		"wing_strike_1": {
			"loop": "hold_on_last_frame",
			"animation_length": 1.3333,
			"bones": {
				"Right_wing": {
					"rotation": {
						"0.0": [0, 0, 0],
						"0.375": [0, 60, 0],
						"0.625": [0, -10, 0],
						"0.6667": [0, -10, 0],
						"0.9167": [0, 60, 0],
						"1.2917": [0, 0, 0]
					}
				},
				"bone4": {
					"rotation": {
						"0.0": [0, 0, 0],
						"0.375": [25.56016, -69.98031, -28.41296],
						"0.9167": [25.56016, -69.98031, -28.41296],
						"1.2917": [0, 0, 0]
					},
					"position": {
						"0.0": [0, 0, 0],
						"0.375": [-1.3, 0, 0.6],
						"0.9167": [-1.3, 0, 0.6],
						"1.2917": [0, 0, 0]
					}
				},
				"Left_wing": {
					"rotation": {
						"0.0": [0, 0, 0],
						"0.375": [0, -57.5, 0],
						"0.625": [0, 12.5, 0],
						"0.6667": [0, 12.5, 0],
						"0.9167": [0, -57.5, 0],
						"1.2917": [0, 0, 0]
					}
				},
				"bone5": {
					"rotation": {
						"0.0": [0, 0, 0],
						"0.375": [28.84341, 72.42229, 30.38638],
						"0.9167": [28.84341, 72.42229, 30.38638],
						"1.2917": [0, 0, 0]
					},
					"position": {
						"0.0": [0, 0, 0],
						"0.375": [1, 0, 0.4],
						"0.9167": [1, 0, 0.4],
						"1.2917": [0, 0, 0]
					}
				},
				"punta_alaL": {
					"rotation": {
						"0.0": [0, 0, 0],
						"0.375": [6.68273, 39.8173, 6.51543],
						"0.9167": [6.68273, 39.8173, 6.51543],
						"1.2917": [0, 0, 0]
					}
				},
				"punta_alaR": {
					"rotation": {
						"0.0": [0, 0, 0],
						"0.375": [7.40192, -38.67581, -3.82921],
						"0.9167": [7.40192, -38.67581, -3.82921],
						"1.2917": [0, 0, 0]
					}
				}
			}
		},
		"wing_shield_on": {
			"loop": "hold_on_last_frame",
			"animation_length": 0.8333,
			"bones": {
				"Right_wing": {
					"rotation": {
						"0.0": [0, 0, 0],
						"0.375": [0, 60, 0],
						"0.625": [-11.72491, -8.17773, -35.41318],
						"0.8333": [-4.13469, -13.80192, -38.81893]
					}
				},
				"bone4": {
					"rotation": {
						"0.0": [0, 0, 0],
						"0.375": [25.56016, -69.98031, -28.41296]
					},
					"position": {
						"0.0": [0, 0, 0],
						"0.375": [-1.3, 0, 0.6]
					}
				},
				"Left_wing": {
					"rotation": {
						"0.0": [0, 0, 0],
						"0.375": [0, -57.5, 0],
						"0.625": [15.25323, 10.21235, -35.6484],
						"0.8333": [24.27734, 19.10551, -15.69129]
					}
				},
				"bone5": {
					"rotation": {
						"0.0": [0, 0, 0],
						"0.375": [28.84341, 72.42229, 30.38638]
					},
					"position": {
						"0.0": [0, 0, 0],
						"0.375": [1, 0, 0.4]
					}
				},
				"punta_alaL": {
					"rotation": {
						"0.0": [0, 0, 0],
						"0.375": [6.68273, 39.8173, 6.51543],
						"0.8333": [58.52716, 77.04323, 53.21134]
					},
					"position": [0, 0, 0]
				},
				"punta_alaR": {
					"rotation": {
						"0.0": [0, 0, 0],
						"0.375": [7.40192, -38.67581, -3.82921],
						"0.8333": [113.68759, -78.98731, -107.1558]
					},
					"position": {
						"0.0": [0, 0, 0],
						"0.8333": [0.4, 0, 0]
					}
				}
			}
		},
		"wing_shield_off": {
			"loop": "hold_on_last_frame",
			"animation_length": 0.8333,
			"bones": {
				"Right_wing": {
					"rotation": {
						"0.0": [-4.13469, -13.80192, -38.81893],
						"0.2083": [-11.72491, -8.17773, -35.41318],
						"0.4583": [0, 60, 0],
						"0.8333": [0, 0, 0]
					}
				},
				"bone4": {
					"rotation": {
						"0.4583": [25.56016, -69.98031, -28.41296],
						"0.8333": [0, 0, 0]
					},
					"position": {
						"0.4583": [-1.3, 0, 0.6],
						"0.8333": [0, 0, 0]
					}
				},
				"Left_wing": {
					"rotation": {
						"0.0": [24.27734, 19.10551, -15.69129],
						"0.2083": [15.25323, 10.21235, -35.6484],
						"0.4583": [0, -57.5, 0],
						"0.8333": [0, 0, 0]
					}
				},
				"bone5": {
					"rotation": {
						"0.4583": [28.84341, 72.42229, 30.38638],
						"0.8333": [0, 0, 0]
					},
					"position": {
						"0.4583": [1, 0, 0.4],
						"0.8333": [0, 0, 0]
					}
				},
				"punta_alaL": {
					"rotation": {
						"0.0": [58.52716, 77.04323, 53.21134],
						"0.4583": [6.68273, 39.8173, 6.51543],
						"0.8333": [0, 0, 0]
					},
					"position": [0, 0, 0]
				},
				"punta_alaR": {
					"rotation": {
						"0.0": [113.68759, -78.98731, -107.1558],
						"0.4583": [7.40192, -38.67581, -3.82921],
						"0.8333": [0, 0, 0]
					},
					"position": {
						"0.0": [0.4, 0, 0],
						"0.8333": [0, 0, 0]
					}
				}
			}
		}
	}
}