{
	"format_version": "1.8.0",
	"animations": {
		"boost_on": {
			"loop": "hold_on_last_frame",
			"animation_length": 0.5,
			"bones": {
				"Right_wing": {
					"rotation": {
						"0.0": [0, 0, 0],
						"0.5": [0, 0, -20]
					}
				},
				"alaR": {
					"rotation": {
						"0.0": [0, 0, 0],
						"0.5": [0, 0, -17.5]
					}
				},
				"Left_wing": {
					"rotation": {
						"0.0": [0, 0, 0],
						"0.5": [0, 0, 20]
					}
				},
				"alaL": {
					"rotation": {
						"0.0": [0, 0, 0],
						"0.5": [0, 0, 17.5]
					}
				},
				"punta_alaR": {
					"rotation": {
						"0.0": [0, 0, 0],
						"0.5": [-2.5, 7.5, 0]
					}
				},
				"punta_alaL": {
					"rotation": {
						"0.0": [0, 0, 0],
						"0.5": [-2.5, -7.5, 0]
					}
				}
			}
		},
		"boost_off": {
			"loop": "hold_on_last_frame",
			"animation_length": 0.5,
			"bones": {
				"Right_wing": {
					"rotation": {
						"0.0": [0, 0, -20],
						"0.5": [0, 0, 0]
					}
				},
				"alaR": {
					"rotation": {
						"0.0": [0, 0, -17.5],
						"0.5": [0, 0, 0]
					}
				},
				"Left_wing": {
					"rotation": {
						"0.0": [0, 0, 20],
						"0.5": [0, 0, 0]
					}
				},
				"alaL": {
					"rotation": {
						"0.0": [0, 0, 17.5],
						"0.5": [0, 0, 0]
					}
				},
				"punta_alaR": {
					"rotation": {
						"0.0": [-2.5, 7.5, 0],
						"0.5": [0, 0, 0]
					}
				},
				"punta_alaL": {
					"rotation": {
						"0.0": [-2.5, -7.5, 0],
						"0.5": [0, 0, 0]
					}
				}
			}
		},
		"shield": {
			"loop": "hold_on_last_frame",
			"animation_length": 0.9583,
			"bones": {
				"Right_wing": {
					"rotation": {
						"0.0": [0, 0, 0],
						"0.1667": [0, 12.5, 0],
						"0.25": [3.09472, 22.29711, 8.11003],
						"0.5": [3.2407, 27.094, 18.0807],
						"0.75": [3.21942, 29.39765, 27.82334],
						"0.9167": [-13.166, 20.9522, -13.0959],
						"0.9583": [0.0384, 32.2361, -18.26]
					}
				},
				"alaR": {
					"rotation": {
						"0.0": [0, 0, 0],
						"0.5": [63.25979, -81.33105, -63.69751],
						"0.9583": [63.2598, -81.331, -63.6975]
					},
					"position": {
						"0.0": [0, 0, 0],
						"0.5": [-1, 0, 0.4]
					}
				},
				"Left_wing": {
					"rotation": {
						"0.0": [0, 0, 0],
						"0.1667": [0, -12.5, 0],
						"0.25": [0, -20, 0],
						"0.625": [-1.3752, -25.1109, -19.2332],
						"0.75": [-1.75121, -25.14111, -25.39557],
						"0.9167": [-11.8058, -16.5229, 5.8619],
						"0.9583": [20.6942, -16.5229, 5.8619]
					}
				},
				"alaL": {
					"rotation": {
						"0.0": [0, 0, 0],
						"0.5": [23.34902, 68.72042, 25.09446],
						"0.75": [32.75856, 65.97589, 37.68638],
						"0.9167": [66.2754, 53.0683, 75.2331],
						"0.9583": [29.667, 73.0737, 33.545]
					},
					"position": {
						"0.0": [0, 0, 0],
						"0.75": [1.3, 0, 0],
						"0.9167": [1.2, 0, 0.3]
					}
				},
				"punta_alaR": {
					"rotation": {
						"0.0": [0, 0, 0],
						"0.5": [13.46404, -56.99135, -4.24135],
						"0.625": [99.8979, -82.45245, -88.18117],
						"0.75": [142.12738, -81.54595, -128.36733],
						"0.9167": [160.65674, -60.23888, -152.24804]
					},
					"position": {
						"0.0": [0, 0, 0],
						"0.9167": [-0.5, 0, -0.7]
					}
				},
				"punta_alaL": {
					"rotation": {
						"0.0": [0, 0, 0],
						"0.5": [16.34179, 51.91933, 11.57495],
						"0.5417": [20.26888, 54.20697, 9.44694],
						"0.5833": [26.7, 64.65661, 15.85111],
						"0.6667": [72.23026, 80.66501, 60.25089],
						"0.75": [133.69593, 77.19993, 121.22588],
						"0.9167": [162.5537, 52.9797, 152.8694],
						"0.9583": [167.5537, 52.9797, 152.8694]
					},
					"position": {
						"0.0": [0, 0, 0],
						"0.75": [0.3, 0, -0.9]
					}
				}
			}
		},
		"shield_on": {
			"loop": "hold_on_last_frame",
			"animation_length": 0.9583,
			"bones": {
				"Right_wing": {
					"rotation": {
						"0.0": [0, 0, 0],
						"0.1667": [0, 12.5, 0],
						"0.25": [3.09472, 22.29711, 8.11003],
						"0.5": [3.2407, 27.094, 18.0807],
						"0.75": [3.21942, 29.39765, 27.82334],
						"0.9167": [-13.166, 20.9522, -13.0959],
						"0.9583": [0.0384, 32.2361, -18.26]
					}
				},
				"alaR": {
					"rotation": {
						"0.0": [0, 0, 0],
						"0.5": [63.25979, -81.33105, -63.69751],
						"0.9583": [63.2598, -81.331, -63.6975]
					},
					"position": {
						"0.0": [0, 0, 0],
						"0.5": [-1, 0, 0.4]
					}
				},
				"Left_wing": {
					"rotation": {
						"0.0": [0, 0, 0],
						"0.1667": [0, -12.5, 0],
						"0.25": [0, -20, 0],
						"0.625": [-1.3752, -25.1109, -19.2332],
						"0.75": [-1.75121, -25.14111, -25.39557],
						"0.9167": [-11.8058, -16.5229, 5.8619],
						"0.9583": [20.6942, -16.5229, 5.8619]
					}
				},
				"alaL": {
					"rotation": {
						"0.0": [0, 0, 0],
						"0.5": [23.34902, 68.72042, 25.09446],
						"0.75": [32.75856, 65.97589, 37.68638],
						"0.9167": [66.2754, 53.0683, 75.2331],
						"0.9583": [29.667, 73.0737, 33.545]
					},
					"position": {
						"0.0": [0, 0, 0],
						"0.75": [1.3, 0, 0],
						"0.9167": [1.2, 0, 0.3]
					}
				},
				"punta_alaR": {
					"rotation": {
						"0.0": [0, 0, 0],
						"0.5": [13.46404, -56.99135, -4.24135],
						"0.625": [99.8979, -82.45245, -88.18117],
						"0.75": [142.12738, -81.54595, -128.36733],
						"0.9167": [160.65674, -60.23888, -152.24804]
					},
					"position": {
						"0.0": [0, 0, 0],
						"0.9167": [-0.5, 0, -0.7]
					}
				},
				"punta_alaL": {
					"rotation": {
						"0.0": [0, 0, 0],
						"0.5": [16.34179, 51.91933, 11.57495],
						"0.5417": [20.26888, 54.20697, 9.44694],
						"0.5833": [26.7, 64.65661, 15.85111],
						"0.6667": [72.23026, 80.66501, 60.25089],
						"0.75": [133.69593, 77.19993, 121.22588],
						"0.9167": [162.5537, 52.9797, 152.8694],
						"0.9583": [167.5537, 52.9797, 152.8694]
					},
					"position": {
						"0.0": [0, 0, 0],
						"0.75": [0.3, 0, -0.9]
					}
				}
			}
		},
		"shield_off": {
			"loop": "hold_on_last_frame",
			"animation_length": 1,
			"bones": {
				"Right_wing": {
					"rotation": {
						"0.0417": [0.0384, 32.2361, -18.26],
						"0.0833": [-13.166, 20.9522, -13.0959],
						"0.25": [3.21942, 29.39765, 27.82334],
						"0.5": [3.2407, 27.094, 18.0807],
						"0.75": [3.09472, 22.29711, 8.11003],
						"0.8333": [0, 12.5, 0],
						"1.0": [0, 0, 0]
					}
				},
				"alaR": {
					"rotation": {
						"0.0417": [63.2598, -81.331, -63.6975],
						"0.5": [63.25979, -81.33105, -63.69751],
						"1.0": [0, 0, 0]
					},
					"position": {
						"0.5": [-1, 0, 0.4],
						"1.0": [0, 0, 0]
					}
				},
				"Left_wing": {
					"rotation": {
						"0.0417": [20.6942, -16.5229, 5.8619],
						"0.0833": [-11.8058, -16.5229, 5.8619],
						"0.25": [-1.75121, -25.14111, -25.39557],
						"0.375": [-1.3752, -25.1109, -19.2332],
						"0.75": [0, -20, 0],
						"0.8333": [0, -12.5, 0],
						"1.0": [0, 0, 0]
					}
				},
				"alaL": {
					"rotation": {
						"0.0417": [29.667, 73.0737, 33.545],
						"0.0833": [66.2754, 53.0683, 75.2331],
						"0.25": [32.75856, 65.97589, 37.68638],
						"0.5": [23.34902, 68.72042, 25.09446],
						"1.0": [0, 0, 0]
					},
					"position": {
						"0.0833": [1.2, 0, 0.3],
						"0.25": [1.3, 0, 0],
						"1.0": [0, 0, 0]
					}
				},
				"punta_alaR": {
					"rotation": {
						"0.0833": [160.65674, -60.23888, -152.24804],
						"0.25": [142.12738, -81.54595, -128.36733],
						"0.375": [99.8979, -82.45245, -88.18117],
						"0.5": [13.46404, -56.99135, -4.24135],
						"1.0": [0, 0, 0]
					},
					"position": {
						"0.0833": [-0.5, 0, -0.7],
						"1.0": [0, 0, 0]
					}
				},
				"punta_alaL": {
					"rotation": {
						"0.0417": [167.5537, 52.9797, 152.8694],
						"0.0833": [162.5537, 52.9797, 152.8694],
						"0.25": [133.69593, 77.19993, 121.22588],
						"0.3333": [72.23026, 80.66501, 60.25089],
						"0.4167": [26.7, 64.65661, 15.85111],
						"0.4583": [20.26888, 54.20697, 9.44694],
						"0.5": [16.34179, 51.91933, 11.57495],
						"1.0": [0, 0, 0]
					},
					"position": {
						"0.25": [0.3, 0, -0.9],
						"1.0": [0, 0, 0]
					}
				}
			}
		},