{
	"format_version": "1.8.0",
	"animations": {
		"player_boost_on": {
			"loop": "hold_on_last_frame",
			"animation_length": 0.5,
			"bones": {
				"armorRightArm": {
					"rotation": {
						"0.0": [178.87572, 86.03725, 275.70107],
						"0.5": [223.87572, 86.03725, 275.70107]
					}
				},
				"armorLeftArm": {
					"rotation": {
						"0.0": [178.87572, -86.03725, -275.70107],
						"0.5": [223.37572, -86.03725, -275.70107]
					}
				}
			}
		},
		"player wings": {
			"loop": "hold_on_last_frame",
			"animation_length": 0.625,
			"bones": {
				"armorRightArm": {
					"rotation": {
						"0.0": [0, 0, 0],
						"0.25": [38.26559, 77.59362, 144.01158],
						"0.4583": [152.36784, 85.52696, 249.12401],
						"0.625": [178.87572, 86.03725, 275.70107]
					}
				},
				"armorLeftArm": {
					"rotation": {
						"0.0": [0, 0, 0],
						"0.25": [38.26559, -77.59362, -144.01158],
						"0.4583": [152.36784, -85.52696, -249.12401],
						"0.625": [178.87572, -86.03725, -275.70107]
					}
				},
				"armorRightLeg": {
					"rotation": {
						"0.0": [0, 0, 0],
						"0.2917": [7.5, 0, 0]
					}
				},
				"armorLeftLeg": {
					"rotation": {
						"0.0": [0, 0, 0],
						"0.2917": [7.5, 0, 0]
					}
				}
			}
		}
	}
}